sepallengthcm,sepalwidthcm,petallengthcm,petalwidthcm,species,petalratio,sepalratio
5.1,3.5,1.4,0.2,0,6.999999999999999,1.457142857142857
4.9,3.0,1.4,0.2,0,6.999999999999999,1.6333333333333335
4.7,3.2,1.3,0.2,0,6.5,1.46875
4.6,3.1,1.5,0.2,0,7.5,1.4838709677419353
5.0,3.6,1.4,0.2,0,6.999999999999999,1.3888888888888888
5.4,3.9,1.7,0.4,0,4.25,1.3846153846153848
4.6,3.4,1.4,0.3,0,4.666666666666667,1.352941176470588
5.0,3.4,1.5,0.2,0,7.5,1.4705882352941178
4.4,2.9,1.4,0.2,0,6.999999999999999,1.517241379310345
4.9,3.1,1.5,0.1,0,15.0,1.5806451612903227
5.4,3.7,1.5,0.2,0,7.5,1.4594594594594594
4.8,3.4,1.6,0.2,0,8.0,1.411764705882353
4.8,3.0,1.4,0.1,0,13.999999999999998,1.5999999999999999
4.3,3.0,1.1,0.1,0,11.0,1.4333333333333333
5.8,4.0,1.2,0.2,0,5.999999999999999,1.45
5.7,4.4,1.5,0.4,0,3.75,1.2954545454545454
5.4,3.9,1.3,0.4,0,3.25,1.3846153846153848
5.1,3.5,1.4,0.3,0,4.666666666666667,1.457142857142857
5.7,3.8,1.7,0.3,0,5.666666666666667,1.5000000000000002
5.1,3.8,1.5,0.3,0,5.0,1.3421052631578947
5.4,3.4,1.7,0.2,0,8.5,1.5882352941176472
5.1,3.7,1.5,0.4,0,3.75,1.3783783783783783
4.6,3.6,1.0,0.2,0,5.0,1.2777777777777777
5.1,3.3,1.7,0.5,0,3.4,1.5454545454545454
4.8,3.4,1.9,0.2,0,9.499999999999998,1.411764705882353
5.0,3.0,1.6,0.2,0,8.0,1.6666666666666667
5.0,3.4,1.6,0.4,0,4.0,1.4705882352941178
5.2,3.5,1.5,0.2,0,7.5,1.4857142857142858
5.2,3.4,1.4,0.2,0,6.999999999999999,1.5294117647058825
4.7,3.2,1.6,0.2,0,8.0,1.46875
4.8,3.1,1.6,0.2,0,8.0,1.5483870967741935
5.4,3.4,1.5,0.4,0,3.75,1.5882352941176472
5.2,4.1,1.5,0.1,0,15.0,1.2682926829268295
5.5,4.2,1.4,0.2,0,6.999999999999999,1.3095238095238095
4.9,3.1,1.5,0.1,0,15.0,1.5806451612903227
5.0,3.2,1.2,0.2,0,5.999999999999999,1.5625
5.5,3.5,1.3,0.2,0,6.5,1.5714285714285714
4.9,3.1,1.5,0.1,0,15.0,1.5806451612903227
4.4,3.0,1.3,0.2,0,6.5,1.4666666666666668
5.1,3.4,1.5,0.2,0,7.5,1.5
5.0,3.5,1.3,0.3,0,4.333333333333334,1.4285714285714286
4.5,2.3,1.3,0.3,0,4.333333333333334,1.956521739130435
4.4,3.2,1.3,0.2,0,6.5,1.375
5.0,3.5,1.6,0.6,0,2.666666666666667,1.4285714285714286
5.1,3.8,1.9,0.4,0,4.749999999999999,1.3421052631578947
4.8,3.0,1.4,0.3,0,4.666666666666667,1.5999999999999999
5.1,3.8,1.6,0.2,0,8.0,1.3421052631578947
4.6,3.2,1.4,0.2,0,6.999999999999999,1.4374999999999998
5.3,3.7,1.5,0.2,0,7.5,1.4324324324324322
5.0,3.3,1.4,0.2,0,6.999999999999999,1.5151515151515151
7.0,3.2,4.7,1.4,1,3.3571428571428577,2.1875
6.4,3.2,4.5,1.5,1,3.0,2.0
6.9,3.1,4.9,1.5,1,3.266666666666667,2.2258064516129035
5.5,2.3,4.0,1.3,1,3.0769230769230766,2.3913043478260874
6.5,2.8,4.6,1.5,1,3.0666666666666664,2.3214285714285716
5.7,2.8,4.5,1.3,1,3.4615384615384612,2.035714285714286
6.3,3.3,4.7,1.6,1,2.9375,1.9090909090909092
4.9,2.4,3.3,1.0,1,3.3,2.041666666666667
6.6,2.9,4.6,1.3,1,3.538461538461538,2.2758620689655173
5.2,2.7,3.9,1.4,1,2.785714285714286,1.9259259259259258
5.0,2.0,3.5,1.0,1,3.5,2.5
5.9,3.0,4.2,1.5,1,2.8000000000000003,1.9666666666666668
6.0,2.2,4.0,1.0,1,4.0,2.727272727272727
6.1,2.9,4.7,1.4,1,3.3571428571428577,2.103448275862069
5.6,2.9,3.6,1.3,1,2.769230769230769,1.9310344827586206
6.7,3.1,4.4,1.4,1,3.1428571428571432,2.161290322580645
5.6,3.0,4.5,1.5,1,3.0,1.8666666666666665
5.8,2.7,4.1,1.0,1,4.1,2.148148148148148
6.2,2.2,4.5,1.5,1,3.0,2.818181818181818
5.6,2.5,3.9,1.1,1,3.545454545454545,2.2399999999999998
5.9,3.2,4.8,1.8,1,2.6666666666666665,1.84375
6.1,2.8,4.0,1.3,1,3.0769230769230766,2.1785714285714284
6.3,2.5,4.9,1.5,1,3.266666666666667,2.52
6.1,2.8,4.7,1.2,1,3.916666666666667,2.1785714285714284
6.4,2.9,4.3,1.3,1,3.3076923076923075,2.206896551724138
6.6,3.0,4.4,1.4,1,3.1428571428571432,2.1999999999999997
6.8,2.8,4.8,1.4,1,3.428571428571429,2.428571428571429
6.7,3.0,5.0,1.7,1,2.9411764705882355,2.2333333333333334
6.0,2.9,4.5,1.5,1,3.0,2.0689655172413794
5.7,2.6,3.5,1.0,1,3.5,2.1923076923076925
5.5,2.4,3.8,1.1,1,3.454545454545454,2.291666666666667
5.5,2.4,3.7,1.0,1,3.7,2.291666666666667
5.8,2.7,3.9,1.2,1,3.25,2.148148148148148
6.0,2.7,5.1,1.6,1,3.1874999999999996,2.222222222222222
5.4,3.0,4.5,1.5,1,3.0,1.8
6.0,3.4,4.5,1.6,1,2.8125,1.7647058823529411
6.7,3.1,4.7,1.5,1,3.1333333333333333,2.161290322580645
6.3,2.3,4.4,1.3,1,3.3846153846153846,2.739130434782609
5.6,3.0,4.1,1.3,1,3.1538461538461533,1.8666666666666665
5.5,2.5,4.0,1.3,1,3.0769230769230766,2.2
5.5,2.6,4.4,1.2,1,3.666666666666667,2.1153846153846154
6.1,3.0,4.6,1.4,1,3.2857142857142856,2.033333333333333
5.8,2.6,4.0,1.2,1,3.3333333333333335,2.230769230769231
5.0,2.3,3.3,1.0,1,3.3,2.173913043478261
5.6,2.7,4.2,1.3,1,3.230769230769231,2.074074074074074
5.7,3.0,4.2,1.2,1,3.5000000000000004,1.9000000000000001
5.7,2.9,4.2,1.3,1,3.230769230769231,1.9655172413793105
6.2,2.9,4.3,1.3,1,3.3076923076923075,2.137931034482759
5.1,2.5,3.0,1.1,1,2.727272727272727,2.04
5.7,2.8,4.1,1.3,1,3.1538461538461533,2.035714285714286
6.3,3.3,6.0,2.5,2,2.4,1.9090909090909092
5.8,2.7,5.1,1.9,2,2.6842105263157894,2.148148148148148
7.1,3.0,5.9,2.1,2,2.8095238095238098,2.3666666666666667
6.3,2.9,5.6,1.8,2,3.1111111111111107,2.1724137931034484
6.5,3.0,5.8,2.2,2,2.6363636363636362,2.1666666666666665
7.6,3.0,6.6,2.1,2,3.1428571428571423,2.533333333333333
4.9,2.5,4.5,1.7,2,2.6470588235294117,1.9600000000000002
7.3,2.9,6.3,1.8,2,3.5,2.5172413793103448
6.7,2.5,5.8,1.8,2,3.222222222222222,2.68
7.2,3.6,6.1,2.5,2,2.44,2.0
6.5,3.2,5.1,2.0,2,2.55,2.03125
6.4,2.7,5.3,1.9,2,2.7894736842105265,2.3703703703703702
6.8,3.0,5.5,2.1,2,2.619047619047619,2.2666666666666666
5.7,2.5,5.0,2.0,2,2.5,2.2800000000000002
5.8,2.8,5.1,2.4,2,2.125,2.0714285714285716
6.4,3.2,5.3,2.3,2,2.3043478260869565,2.0
6.5,3.0,5.5,1.8,2,3.0555555555555554,2.1666666666666665
7.7,3.8,6.7,2.2,2,3.0454545454545454,2.0263157894736845
7.7,2.6,6.9,2.3,2,3.0000000000000004,2.9615384615384617
6.0,2.2,5.0,1.5,2,3.3333333333333335,2.727272727272727
6.9,3.2,5.7,2.3,2,2.4782608695652177,2.15625
5.6,2.8,4.9,2.0,2,2.45,2.0
7.7,2.8,6.7,2.0,2,3.35,2.7500000000000004
6.3,2.7,4.9,1.8,2,2.7222222222222223,2.333333333333333
6.7,3.3,5.7,2.1,2,2.7142857142857144,2.0303030303030303
7.2,3.2,6.0,1.8,2,3.333333333333333,2.25
6.2,2.8,4.8,1.8,2,2.6666666666666665,2.2142857142857144
6.1,3.0,4.9,1.8,2,2.7222222222222223,2.033333333333333
6.4,2.8,5.6,2.1,2,2.6666666666666665,2.285714285714286
7.2,3.0,5.8,1.6,2,3.6249999999999996,2.4
7.4,2.8,6.1,1.9,2,3.2105263157894735,2.6428571428571432
7.9,3.8,6.4,2.0,2,3.2,2.0789473684210527
6.4,2.8,5.6,2.2,2,2.545454545454545,2.285714285714286
6.3,2.8,5.1,1.5,2,3.4,2.25
6.1,2.6,5.6,1.4,2,4.0,2.346153846153846
7.7,3.0,6.1,2.3,2,2.6521739130434785,2.566666666666667
6.3,3.4,5.6,2.4,2,2.3333333333333335,1.8529411764705883
6.4,3.1,5.5,1.8,2,3.0555555555555554,2.064516129032258
6.0,3.0,4.8,1.8,2,2.6666666666666665,2.0
6.9,3.1,5.4,2.1,2,2.5714285714285716,2.2258064516129035
6.7,3.1,5.6,2.4,2,2.3333333333333335,2.161290322580645
6.9,3.1,5.1,2.3,2,2.217391304347826,2.2258064516129035
5.8,2.7,5.1,1.9,2,2.6842105263157894,2.148148148148148
6.8,3.2,5.9,2.3,2,2.565217391304348,2.125
6.7,3.3,5.7,2.5,2,2.2800000000000002,2.0303030303030303
6.7,3.0,5.2,2.3,2,2.2608695652173916,2.2333333333333334
6.3,2.5,5.0,1.9,2,2.6315789473684212,2.52
6.5,3.0,5.2,2.0,2,2.6,2.1666666666666665
6.2,3.4,5.4,2.3,2,2.347826086956522,1.823529411764706
5.9,3.0,5.1,1.8,2,2.833333333333333,1.9666666666666668
